reference_name	start_position	end_position	reference_bases	alternate_bases	ID	QUAL	exonCount	cdsStart	cdsEnd	genename	Ensembl_geneid
17	18245170	18245171	G	A	.	.	29	18245137	18258690	FLII	ENSG00000177731
17	18245170	18245171	G	A	.	.	30	18245137	18258476	FLII	ENSG00000177731
17	18245170	18245171	G	A	.	.	30	18245137	18258690	FLII	ENSG00000177731
17	7408427	7408428	T	C	.	.	7	7408255	7417799	NLGN2	ENSG00000169992
17	74835986	74835987	A	C	.	.	10	74777330	74836687	TMEM104	ENSG00000109066
17	74835986	74835987	A	C	.	.	10	74777330	74839101	TMEM104	ENSG00000109066
17	42570010	42570011	A	G	.	.	7	42567124	42571603	MLX	ENSG00000108788
17	42570010	42570011	A	G	.	.	8	42567124	42571603	MLX	ENSG00000108788
17	42570010	42570011	A	G	.	.	8	42567124	42571603	MLX	ENSG00000108788
17	7858193	7858194	C	A	.	.	5	7856730	7866493	CYB5D1	ENSG00000182224
17	7858193	7858194	C	A	.	.	4	7858134	7859612	CYB5D1	ENSG00000182224
17	7858193	7858194	C	A	.	.	4	7858134	7859467	CYB5D1	ENSG00000182224
17	40019838	40019839	G	T	.	.	25	40019528	40053598	MED24	ENSG00000008838
17	40019838	40019839	G	T	.	.	25	40054636	40054636	MED24	ENSG00000008838
17	40019838	40019839	G	T	.	.	26	40019528	40053598	MED24	ENSG00000008838
17	40019838	40019839	G	T	.	.	25	40019528	40053598	MED24	ENSG00000008838
17	40019838	40019839	G	T	.	.	27	40019528	40053598	MED24	ENSG00000008838
17	82441815	82441816	T	G	.	.	12	82419799	82442592	HEXDC	ENSG00000169660
17	82441815	82441816	T	G	.	.	13	82419799	82442384	HEXDC	ENSG00000169660
17	81683793	81683794	C	T	.	.	5	81681707	81682242	ARL16	ENSG00000214087
17	81683793	81683794	C	T	.	.	6	81683924	81683924	ARL16	ENSG00000214087
17	81683793	81683794	C	T	.	.	5	81681707	81683825	ARL16	ENSG00000214087
17	75239433	75239434	G	A	.	.	17	75238278	75261587	GGA3	ENSG00000125447
17	75239433	75239434	G	A	.	.	17	75238278	75244702	GGA3	ENSG00000125447
17	75239433	75239434	G	A	.	.	14	75238278	75243504	GGA3	ENSG00000125447
17	75239433	75239434	G	A	.	.	16	75238278	75261587	GGA3	ENSG00000125447
17	75239433	75239434	G	A	.	.	16	75237448	75243504	GGA3	ENSG00000125447
17	75239433	75239434	G	A	.	.	18	75238278	75244702	GGA3	ENSG00000125447
17	18779085	18779086	A	G	.	.	14	18744244	18779298	FBXW10	ENSG00000171931
17	18779085	18779086	A	G	.	.	13	18744244	18779298	FBXW10	ENSG00000171931
17	18779085	18779086	A	G	.	.	14	18779349	18779349	FBXW10	ENSG00000171931
17	4641608	4641609	A	G	.	.	14	4631599	4641651	ALOX15	ENSG00000161905
17	28529187	28529188	A	C	.	.	8	28523969	28537436	FOXN1	ENSG00000109101
17	27605512	27605513	C	T	.	.	21	27577530	27621935	KSR1	ENSG00000141068
17	42854668	42854669	C	A	.	.	4	42851343	42856550	AOC3	ENSG00000131471
17	42854668	42854669	C	A	.	.	4	42858131	42858131	AOC3	ENSG00000131471
17	42854668	42854669	C	A	.	.	3	42851343	42856293	AOC3	ENSG00000131471
17	42854668	42854669	C	A	.	.	4	42854476	42856550	AOC3	ENSG00000131471
17	34983020	34983021	A	G	.	.	20	34983005	35004506	LIG3	ENSG00000005156
17	34983020	34983021	A	G	.	.	20	34983005	35003048	LIG3	ENSG00000005156
17	69016307	69016308	A	G	.	.	39	68975914	69051126	ABCA9	ENSG00000154258
17	69016307	69016308	A	G	.	.	4	69018323	69018323	ABCA9	ENSG00000154258
17	70176020	70176021	C	A	.	.	2	70175039	70176323	KCNJ2	ENSG00000123700
17	38299391	38299392	C	A	.	.	7	38297183	38322595	MRPL45	ENSG00000278845
17	38299391	38299392	C	A	.	.	8	38297183	38322595	MRPL45	ENSG00000278845
17	81671751	81671752	A	T	.	.	6	81666766	81672704	CCDC137	ENSG00000185298
17	47137248	47137249	G	T	.	.	17	47189339	47189339	CDC27	ENSG00000004897
17	47137248	47137249	G	T	.	.	17	47120934	47181629	CDC27	ENSG00000004897
17	47137248	47137249	G	T	.	.	18	47122461	47181629	CDC27	ENSG00000004897
17	47137248	47137249	G	T	.	.	19	47122461	47189172	CDC27	ENSG00000004897
17	47137248	47137249	G	T	.	.	19	47120934	47189172	CDC27	ENSG00000004897
17	47137248	47137249	G	T	.	.	17	47120934	47142415	CDC27	ENSG00000004897
17	47137248	47137249	G	T	.	.	18	47120934	47181629	CDC27	ENSG00000004897
17	47137248	47137249	G	T	.	.	19	47122461	47189172	CDC27	ENSG00000004897
17	47137248	47137249	G	T	.	.	19	47120934	47189172	CDC27	ENSG00000004897
17	47137248	47137249	G	T	.	.	19	47120934	47189172	CDC27	ENSG00000004897
17	6118062	6118063	A	G	.	.	9	6080658	6120661	WSCD1	ENSG00000179314
17	50186692	50186693	T	G	.	.	51	50185501	50201513	COL1A1	ENSG00000108821
17	39974933	39974934	C	A	.	.	12	39965687	39977058	GSDMA	ENSG00000167914
17	61590659	61590660	G	C	.	.	1	61590532	61591180	NACA2	ENSG00000253506
17	64896800	64896801	C	A	.	.	15	64854598	64897257	LRRC37A3	ENSG00000176809
17	64896800	64896801	C	A	.	.	11	64854598	64918865	LRRC37A3	ENSG00000176809
17	6779877	6779878	G	A	.	.	4	6779868	6787428	FBXO39	ENSG00000177294
17	10496143	10496144	G	T	.	.	11	10625540	10625540	MYH1	ENSG00000109061
17	10496143	10496144	G	T	.	.	40	10492415	10516642	MYH1	ENSG00000109061
17	321383	321384	G	T	.	.	8	213851	327543	RPH3AL	ENSG00000181031
17	321383	321384	G	T	.	.	9	213851	327543	RPH3AL	ENSG00000181031
17	321383	321384	G	T	.	.	10	213851	327543	RPH3AL	ENSG00000181031
17	321383	321384	G	T	.	.	9	213851	327543	RPH3AL	ENSG00000181031
17	5541886	5541887	C	T	.	.	15	5514753	5583957	NLRP1	ENSG00000091592
17	5541886	5541887	C	T	.	.	17	5514753	5583957	NLRP1	ENSG00000091592
17	5541886	5541887	C	T	.	.	16	5501813	5583957	NLRP1	ENSG00000091592
17	5541886	5541887	C	T	.	.	16	5514753	5583957	NLRP1	ENSG00000091592
17	5541886	5541887	C	T	.	.	16	5514753	5583957	NLRP1	ENSG00000091592
17	43533340	43533341	C	A	.	.	13	43528518	43545617	ETV4	ENSG00000175832
17	43533340	43533341	C	A	.	.	13	43528518	43545617	ETV4	ENSG00000175832
17	43533340	43533341	C	A	.	.	24	43484037	43536478	ETV4	ENSG00000175832
17	43533340	43533341	C	A	.	.	12	43528518	43545310	ETV4	ENSG00000175832
17	43533340	43533341	C	A	.	.	12	43528518	43545310	ETV4	ENSG00000175832
17	7674219	7674220	C	T	.	.	7	7669608	7675134	TP53	ENSG00000141510
17	7674219	7674220	C	T	.	.	8	7673306	7675215	TP53	ENSG00000141510
17	7674219	7674220	C	T	.	.	8	7673218	7675215	TP53	ENSG00000141510
17	7674219	7674220	C	T	.	.	8	7673218	7675134	TP53	ENSG00000141510
17	7674219	7674220	C	T	.	.	10	7669608	7676251	TP53	ENSG00000141510
17	7674219	7674220	C	T	.	.	11	7669608	7676594	TP53	ENSG00000141510
17	7674219	7674220	C	T	.	.	11	7669608	7676594	TP53	ENSG00000141510
17	7674219	7674220	C	T	.	.	11	7669608	7676251	TP53	ENSG00000141510
17	7674219	7674220	C	T	.	.	12	7673306	7676594	TP53	ENSG00000141510
17	7674219	7674220	C	T	.	.	12	7673218	7676594	TP53	ENSG00000141510
17	7674219	7674220	C	T	.	.	7	7669608	7675215	TP53	ENSG00000141510
17	7674219	7674220	C	T	.	.	8	7673306	7675134	TP53	ENSG00000141510
17	7674219	7674220	C	T	.	.	11	7669608	7676251	TP53	ENSG00000141510
17	7674219	7674220	C	T	.	.	12	7673306	7676251	TP53	ENSG00000141510
17	7674219	7674220	C	T	.	.	12	7673218	7676251	TP53	ENSG00000141510
17	7669661	7669662	T	G	.	.	7	7669608	7675215	TP53	ENSG00000141510
17	7669661	7669662	T	G	.	.	8	7673306	7675134	TP53	ENSG00000141510
17	7669661	7669662	T	G	.	.	8	7673306	7675215	TP53	ENSG00000141510
17	7669661	7669662	T	G	.	.	10	7669608	7676251	TP53	ENSG00000141510
17	7669661	7669662	T	G	.	.	11	7669608	7676594	TP53	ENSG00000141510
17	7669661	7669662	T	G	.	.	11	7669608	7676251	TP53	ENSG00000141510
17	7669661	7669662	T	G	.	.	11	7669608	7676594	TP53	ENSG00000141510
17	7669661	7669662	T	G	.	.	12	7673218	7676594	TP53	ENSG00000141510
17	7669661	7669662	T	G	.	.	12	7673306	7676251	TP53	ENSG00000141510
17	7669661	7669662	T	G	.	.	12	7673218	7676251	TP53	ENSG00000141510
17	7669661	7669662	T	G	.	.	7	7669608	7675134	TP53	ENSG00000141510
17	7669661	7669662	T	G	.	.	8	7673218	7675134	TP53	ENSG00000141510
17	7669661	7669662	T	G	.	.	8	7673218	7675215	TP53	ENSG00000141510
17	7669661	7669662	T	G	.	.	11	7669608	7676251	TP53	ENSG00000141510
17	7669661	7669662	T	G	.	.	12	7673306	7676594	TP53	ENSG00000141510
17	6118058	6118059	A	G	.	.	9	6080658	6120661	WSCD1	ENSG00000179314
17	7905952	7905953	T	G	.	.	40	7889000	7911585	CHD3	ENSG00000170004
17	7905952	7905953	T	G	.	.	39	7889000	7911585	CHD3	ENSG00000170004
17	7905952	7905953	T	G	.	.	40	7884806	7911585	CHD3	ENSG00000170004
17	7832615	7832616	G	A	.	.	86	7719734	7833533	DNAH2	ENSG00000183914
17	73200669	73200670	A	G	.	.	14	73193069	73208451	COG1	ENSG00000166685
17	7669658	7669659	A	G	.	.	7	7669608	7675215	TP53	ENSG00000141510
17	7669658	7669659	A	G	.	.	8	7673306	7675134	TP53	ENSG00000141510
17	7669658	7669659	A	G	.	.	8	7673306	7675215	TP53	ENSG00000141510
17	7669658	7669659	A	G	.	.	10	7669608	7676251	TP53	ENSG00000141510
17	7669658	7669659	A	G	.	.	11	7669608	7676594	TP53	ENSG00000141510
17	7669658	7669659	A	G	.	.	11	7669608	7676251	TP53	ENSG00000141510
17	7669658	7669659	A	G	.	.	11	7669608	7676594	TP53	ENSG00000141510
17	7669658	7669659	A	G	.	.	12	7673218	7676594	TP53	ENSG00000141510
17	7669658	7669659	A	G	.	.	12	7673306	7676251	TP53	ENSG00000141510
17	7669658	7669659	A	G	.	.	12	7673218	7676251	TP53	ENSG00000141510
17	7669658	7669659	A	G	.	.	7	7669608	7675134	TP53	ENSG00000141510
17	7669658	7669659	A	G	.	.	8	7673218	7675134	TP53	ENSG00000141510
17	7669658	7669659	A	G	.	.	8	7673218	7675215	TP53	ENSG00000141510
17	7669658	7669659	A	G	.	.	11	7669608	7676251	TP53	ENSG00000141510
17	7669658	7669659	A	G	.	.	12	7673306	7676594	TP53	ENSG00000141510
17	44928148	44928149	C	A	.	.	16	44926079	44936344	KIF18B	ENSG00000186185
17	44928148	44928149	C	A	.	.	15	44926399	44936344	KIF18B	ENSG00000186185
17	82374761	82374762	C	G	.	.	1	82374324	82375494	UTS2R	ENSG00000181408
17	76021472	76021473	G	T	.	.	22	76007102	76027198	EVPL	ENSG00000167880
17	76021472	76021473	G	T	.	.	22	76007102	76027198	EVPL	ENSG00000167880
17	28737844	28737845	G	A	.	.	15	28728813	28741987	NEK8	ENSG00000160602
17	32659297	32659298	G	T	.	.	22	32494758	32876872	MYO1D	ENSG00000176658
17	32659297	32659298	G	T	.	.	22	32594544	32876872	MYO1D	ENSG00000176658
17	7482794	7482795	A	G	.	.	4	7461939	7466801	SLC35G6	ENSG00000259224
17	7482794	7482795	A	G	.	.	2	7481516	7483001	SLC35G6	ENSG00000259224
17	37087407	37087408	C	A	.	.	60	37087315	37330399	ACACA	ENSG00000278540
17	37087407	37087408	C	A	.	.	54	37087315	37299332	ACACA	ENSG00000278540
17	37087407	37087408	C	A	.	.	55	37087315	37284963	ACACA	ENSG00000278540
17	37087407	37087408	C	A	.	.	56	37087315	37330399	ACACA	ENSG00000278540
17	37087407	37087408	C	A	.	.	56	37087315	37406299	ACACA	ENSG00000278540
17	21415972	21415973	C	T	.	.	3	21415342	21416644	KCNJ12	ENSG00000184185
11	1019307	1019308	T	G	.	.	33	1013455	1036655	MUC6	ENSG00000184956
17	42573360	42573361	A	T	.	.	7	42572967	42577248	PSMC3IP	ENSG00000131470
17	42573360	42573361	A	T	.	.	7	42577716	42577716	PSMC3IP	ENSG00000131470
17	42573360	42573361	A	T	.	.	8	42577831	42577831	PSMC3IP	ENSG00000131470
17	42573360	42573361	A	T	.	.	8	42572967	42577686	PSMC3IP	ENSG00000131470
17	42573360	42573361	A	T	.	.	8	42572967	42574198	PSMC3IP	ENSG00000131470
17	42573360	42573361	A	T	.	.	8	42572967	42577686	PSMC3IP	ENSG00000131470
17	42573360	42573361	A	T	.	.	8	42577831	42577831	PSMC3IP	ENSG00000131470
17	42573360	42573361	A	T	.	.	9	42572967	42574198	PSMC3IP	ENSG00000131470
17	3885696	3885697	C	A	.	.	16	3865903	3885687	CAMKK1	ENSG00000004660
17	3885696	3885697	C	A	.	.	16	3862210	3890730	CAMKK1	ENSG00000004660
17	3885696	3885697	C	A	.	.	16	3862210	3885687	CAMKK1	ENSG00000004660
17	2297260	2297261	G	T	.	.	19	2061491	2303720	SMG6	ENSG00000070366
17	39462074	39462075	C	T	.	.	14	39462071	39531316	CDK12	ENSG00000167258
17	39462074	39462075	C	T	.	.	14	39462071	39531316	CDK12	ENSG00000167258
17	82441815	82441816	T	G	.	.	12	82419799	82442592	HEXDC	ENSG00000169660
17	82441815	82441816	T	G	.	.	13	82419799	82442384	HEXDC	ENSG00000169660
17	40399915	40399916	T	C	.	.	35	40389518	40417791	TOP2A	ENSG00000131747
17	41422859	41422860	G	A	.	.	7	41420877	41424523	KRT37	ENSG00000108417
17	29609162	29609163	G	C	.	.	15	29593621	29613582	ANKRD13B	ENSG00000198720
17	50077038	50077039	C	A	.	.	26	50056439	50088335	ITGA3	ENSG00000005884
